rank,title,url,score,author,comments,created_utc,permalink
1,Decrease in Entry-Level Tech Jobs,https://newsletter.eng-leadership.com/p/decrease-in-entry-level-tech-jobs,390,gregorojstersek,104,2025-06-05 22:50:08,https://reddit.com/r/programming/comments/1l42n6o/decrease_in_entrylevel_tech_jobs/
2,Prolly Trees: The useful data structure that was independently invented four times (that we know of),https://www.dolthub.com/blog/2025-06-03-people-keep-inventing-prolly-trees/,99,nick_at_dolt,22,2025-06-06 02:07:29,https://reddit.com/r/programming/comments/1l47pef/prolly_trees_the_useful_data_structure_that_was/
3,10 Years of Betting on Rust,https://tably.com/tably/10-years-of-betting-on-rust,98,sh_tomer,106,2025-06-05 19:28:23,https://reddit.com/r/programming/comments/1l3xx72/10_years_of_betting_on_rust/
4,Germany: Digital Minister wants open standards and open source as guiding principle,https://www.heise.de/en/news/Digital-Minister-wants-open-standards-and-open-source-as-guiding-principle-10414632.html,99,donutloop,5,2025-06-06 12:59:05,https://reddit.com/r/programming/comments/1l4l4kj/germany_digital_minister_wants_open_standards_and/
5,Syntactic support for error handling - The Go Programming Language,https://go.dev/blog/error-syntax,75,brutal_seizure,78,2025-06-05 18:15:58,https://reddit.com/r/programming/comments/1l3wkqj/syntactic_support_for_error_handling_the_go/
6,A good development environment is likely much more about soft-skills than anything else,https://river.berlin/blog/good-dev-env/,21,No_Tea2273,6,2025-06-05 19:05:10,https://reddit.com/r/programming/comments/1l3xh4t/a_good_development_environment_is_likely_much/
7,Boredom Over Beauty: Why Code Quality is Code Security,https://blog.asymmetric.re/boredom-over-beauty-why-code-quality-is-code-security/,11,ketralnis,1,2025-06-05 23:25:12,https://reddit.com/r/programming/comments/1l43jhz/boredom_over_beauty_why_code_quality_is_code/
8,Programming language Dino and its implementation,https://github.com/dino-lang/dino,9,ketralnis,5,2025-06-06 03:56:57,https://reddit.com/r/programming/comments/1l4aeej/programming_language_dino_and_its_implementation/
9,GCC 15.1.0 has been released on Alire (ie Ada’s equivalent of Rust’s Cargo),https://forum.ada-lang.io/t/gnat-fsf-15-released/2116,8,dragon_spirit_wtp,0,2025-06-06 08:58:19,https://reddit.com/r/programming/comments/1l4gtlt/gcc_1510_has_been_released_on_alire_ie_adas/
10,"APL Interpreter – An implementation of APL, written in Haskell",https://scharenbroch.dev/projects/apl-interpreter/,8,ketralnis,0,2025-06-06 06:03:34,https://reddit.com/r/programming/comments/1l4dcxv/apl_interpreter_an_implementation_of_apl_written/
11,A programming system,https://andreyor.st/posts/2023-10-18-a-programming-system/,5,ketralnis,2,2025-06-05 23:24:16,https://reddit.com/r/programming/comments/1l43io3/a_programming_system/
12,Apple moves from Java 8 to Swift?,https://www.swift.org/blog/swift-at-apple-migrating-the-password-monitoring-service-from-java/,6,tenken01,13,2025-06-06 12:16:19,https://reddit.com/r/programming/comments/1l4kga9/apple_moves_from_java_8_to_swift/
13,"A cross-platform, batteries-included Lua toolkit with built-in TCP, UDP, WebSocket, gRPC, Redis, MySQL, Prometheus, and etcd v3",https://github.com/findstr/silly,4,Realistic_Alps_9544,2,2025-06-06 08:42:11,https://reddit.com/r/programming/comments/1l4gikc/a_crossplatform_batteriesincluded_lua_toolkit/
14,How to Handle DB Outages: When Your Database Goes Down,https://www.codetocrack.dev/blog-single.html?id=OlifwDVCGrVk0Lz5GPcO,3,vturan23,0,2025-06-06 12:23:17,https://reddit.com/r/programming/comments/1l4kk9h/how_to_handle_db_outages_when_your_database_goes/
15,In which I have Opinions about parsing and grammars,https://www.chiark.greenend.org.uk/~sgtatham/quasiblog/parsing/,3,ketralnis,2,2025-06-05 23:24:38,https://reddit.com/r/programming/comments/1l43j0x/in_which_i_have_opinions_about_parsing_and/
16,Retry with Exponential Backoff in 1 diagram and 173 words,https://www.systemdesignbutsimple.com/p/retry-with-exponential-backoff-in-1-diagram-and-173-words,2,stmoreau,1,2025-06-05 22:13:28,https://reddit.com/r/programming/comments/1l41pug/retry_with_exponential_backoff_in_1_diagram_and/
17,The human-code-context problem,https://smalldiffs.gmfoster.com/p/the-human-code-context-problem,3,fosterfriendship,0,2025-06-05 21:54:55,https://reddit.com/r/programming/comments/1l418t1/the_humancodecontext_problem/
18,Psychological Safety in Engineering Teams with Titus Winters,https://www.aviator.co/podcast/titus-winters-psychological-safety-software-engineering,4,aviator_co,0,2025-06-05 20:35:08,https://reddit.com/r/programming/comments/1l3zcp2/psychological_safety_in_engineering_teams_with/
19,Building a Catalytic Computer Over the Weekend,https://leetarxiv.substack.com/p/catalytic-computer,3,DataBaeBee,2,2025-06-05 17:33:59,https://reddit.com/r/programming/comments/1l3vv0d/building_a_catalytic_computer_over_the_weekend/
20,Tectonic Plates Physics Simulator That Generates Maps,https://github.com/jia75/tectonical,2,Content_Discount_677,0,2025-06-06 13:55:48,https://reddit.com/r/programming/comments/1l4lyxj/tectonic_plates_physics_simulator_that_generates/
